DEFAULT,isvioa101,fcs0,4014,0x400000,0x800000,0,0,0,"0x100000,0x200000,0x400000,0x800000,0x1000000",4096,NULL
DEFAULT,isvioa101,fcs1,4014,0x400000,0x800000,0,1,0,"0x100000,0x200000,0x400000,0x800000,0x1000000",4096,NULL
DEFAULT,isvioa102,fcs0,4014,0x400000,0x800000,0,0,0,"0x100000,0x200000,0x400000,0x800000,0x1000000",4096,NULL
DEFAULT,isvioa102,fcs1,4014,0x400000,0x800000,0,0,0,"0x100000,0x200000,0x400000,0x800000,0x1000000",4096,NULL
DEFAULT,isvioa11,fcs0,4014,0x400000,0x800000,0,0,0,"0x100000,0x200000,0x400000,0x800000,0x1000000",4096,NULL
DEFAULT,isvioa11,fcs1,4014,0x400000,0x800000,0,0,0,"0x100000,0x200000,0x400000,0x800000,0x1000000",4096,NULL
DEFAULT,isvioa111,fcs0,4014,0x400000,0x800000,0,0,0,"0x100000,0x200000,0x400000,0x800000,0x1000000",4096,NULL
DEFAULT,isvioa111,fcs1,4014,0x400000,0x800000,0,1,0,"0x100000,0x200000,0x400000,0x800000,0x1000000",4096,NULL
DEFAULT,isvioa112,fcs0,4014,0x400000,0x800000,0,0,0,"0x100000,0x200000,0x400000,0x800000,0x1000000",4096,NULL
DEFAULT,isvioa112,fcs1,4014,0x400000,0x800000,0,0,0,"0x100000,0x200000,0x400000,0x800000,0x1000000",4096,NULL
DEFAULT,isvioa12,fcs0,4014,0x400000,0x800000,0,0,0,"0x100000,0x200000,0x400000,0x800000,0x1000000",4096,NULL
DEFAULT,isvioa12,fcs1,4014,0x400000,0x800000,0,0,0,"0x100000,0x200000,0x400000,0x800000,0x1000000",4096,NULL
DEFAULT,isvioa121,fcs0,4014,0x400000,0x800000,0,8,0,"0x100000,0x200000,0x400000,0x800000,0x1000000",4096,NULL
DEFAULT,isvioa121,fcs1,4014,0x400000,0x800000,0,5,0,"0x100000,0x200000,0x400000,0x800000,0x1000000",4096,NULL
DEFAULT,isvioa122,fcs0,4014,0x400000,0x800000,0,11,0,"0x100000,0x200000,0x400000,0x800000,0x1000000",4096,NULL
DEFAULT,isvioa122,fcs1,4014,0x400000,0x800000,0,0,0,"0x100000,0x200000,0x400000,0x800000,0x1000000",4096,NULL
DEFAULT,isvioa131,fcs0,4014,0x400000,0x800000,0,0,0,"0x100000,0x200000,0x400000,0x800000,0x1000000",4096,NULL
DEFAULT,isvioa131,fcs1,4014,0x400000,0x800000,0,0,0,"0x100000,0x200000,0x400000,0x800000,0x1000000",4096,NULL
DEFAULT,isvioa132,fcs0,4014,0x400000,0x800000,0,6,0,"0x100000,0x200000,0x400000,0x800000,0x1000000",4096,NULL
DEFAULT,isvioa132,fcs1,4014,0x400000,0x800000,0,2,0,"0x100000,0x200000,0x400000,0x800000,0x1000000",4096,NULL
DEFAULT,isvioa141,fcs0,4014,0x400000,0x800000,0,22,0,"0x100000,0x200000,0x400000,0x800000,0x1000000",4096,NULL
DEFAULT,isvioa141,fcs1,4014,0x400000,0x800000,0,17,0,"0x100000,0x200000,0x400000,0x800000,0x1000000",4096,NULL
DEFAULT,isvioa142,fcs0,4014,0x400000,0x800000,0,0,0,"0x100000,0x200000,0x400000,0x800000,0x1000000",4096,NULL
DEFAULT,isvioa142,fcs1,4014,0x400000,0x800000,0,0,0,"0x100000,0x200000,0x400000,0x800000,0x1000000",4096,NULL
DEFAULT,isvioa151,fcs0,4014,0x400000,0x800000,0,11,0,"0x100000,0x200000,0x400000,0x800000,0x1000000",4096,NULL
DEFAULT,isvioa151,fcs1,4014,0x400000,0x800000,0,0,0,"0x100000,0x200000,0x400000,0x800000,0x1000000",4096,NULL
DEFAULT,isvioa152,fcs0,4014,0x400000,0x800000,0,0,0,"0x100000,0x200000,0x400000,0x800000,0x1000000",4096,NULL
DEFAULT,isvioa152,fcs1,4014,0x400000,0x800000,0,0,0,"0x100000,0x200000,0x400000,0x800000,0x1000000",4096,NULL
DEFAULT,isvioa161,fcs0,4014,0x400000,0x800000,0,0,0,"0x100000,0x200000,0x400000,0x800000,0x1000000",4096,NULL
DEFAULT,isvioa161,fcs1,4014,0x400000,0x800000,0,121,0,"0x100000,0x200000,0x400000,0x800000,0x1000000",4096,NULL
DEFAULT,isvioa162,fcs0,4014,0x400000,0x800000,0,0,0,"0x100000,0x200000,0x400000,0x800000,0x1000000",4096,NULL
DEFAULT,isvioa162,fcs1,4014,0x400000,0x800000,0,0,0,"0x100000,0x200000,0x400000,0x800000,0x1000000",4096,NULL
DEFAULT,isvioa171,fcs0,500,0x100000,0x800000,0,5,0,"0x100000,0x200000,0x400000,0x800000,0x1000000",4096,NULL
DEFAULT,isvioa171,fcs1,500,0x100000,0x800000,0,261,0,"0x100000,0x200000,0x400000,0x800000,0x1000000",4096,NULL
DEFAULT,isvioa172,fcs0,500,0x100000,0x800000,0,30,0,"0x100000,0x200000,0x400000,0x800000,0x1000000",4096,NULL
DEFAULT,isvioa172,fcs1,500,0x100000,0x800000,0,0,0,"0x100000,0x200000,0x400000,0x800000,0x1000000",4096,NULL
DEFAULT,isvioa181,fcs0,4014,0x400000,0x800000,0,2,0,"0x100000,0x200000,0x400000,0x800000,0x1000000",4096,NULL
DEFAULT,isvioa181,fcs1,4014,0x400000,0x800000,0,0,0,"0x100000,0x200000,0x400000,0x800000,0x1000000",4096,NULL
DEFAULT,isvioa182,fcs0,4014,0x400000,0x800000,0,0,0,"0x100000,0x200000,0x400000,0x800000,0x1000000",4096,NULL
DEFAULT,isvioa182,fcs1,4014,0x400000,0x800000,0,0,0,"0x100000,0x200000,0x400000,0x800000,0x1000000",4096,NULL
DEFAULT,isvioa191,fcs0,4014,0x400000,0x800000,0,3,0,"0x100000,0x200000,0x400000,0x800000,0x1000000",4096,NULL
DEFAULT,isvioa191,fcs1,4014,0x400000,0x800000,0,4,0,"0x100000,0x200000,0x400000,0x800000,0x1000000",4096,NULL
DEFAULT,isvioa192,fcs0,500,0x400000,0x800000,0,0,0,"0x100000,0x200000,0x400000,0x800000,0x1000000",4096,NULL
DEFAULT,isvioa192,fcs1,500,0x400000,0x800000,0,0,0,"0x100000,0x200000,0x400000,0x800000,0x1000000",4096,NULL
DEFAULT,isvioa201,fcs0,4014,0x400000,0x800000,0,6,0,"0x100000,0x200000,0x400000,0x800000,0x1000000",4096,NULL
DEFAULT,isvioa201,fcs1,4014,0x400000,0x800000,0,6,0,"0x100000,0x200000,0x400000,0x800000,0x1000000",4096,NULL
DEFAULT,isvioa202,fcs0,4014,0x400000,0x800000,0,0,0,"0x100000,0x200000,0x400000,0x800000,0x1000000",4096,NULL
DEFAULT,isvioa202,fcs1,4014,0x400000,0x800000,0,0,0,"0x100000,0x200000,0x400000,0x800000,0x1000000",4096,NULL
DEFAULT,isvioa21,fcs0,4014,0x400000,0x800000,0,0,0,"0x100000,0x200000,0x400000,0x800000,0x1000000",4096,NULL
DEFAULT,isvioa21,fcs1,4014,0x400000,0x800000,0,0,0,"0x100000,0x200000,0x400000,0x800000,0x1000000",4096,NULL
DEFAULT,isvioa211,fcs2,2048,0x400000,0x800000,0,0,0,"0x100000,0x200000,0x400000,0x800000,0x1000000",2048,NULL
DEFAULT,isvioa211,fcs3,2048,0x400000,0x800000,0,0,0,"0x100000,0x200000,0x400000,0x800000,0x1000000",2048,NULL
DEFAULT,isvioa212,fcs2,2048,0x400000,0x800000,0,0,0,"0x100000,0x200000,0x400000,0x800000,0x1000000",2048,NULL
DEFAULT,isvioa212,fcs3,2048,0x400000,0x800000,0,0,0,"0x100000,0x200000,0x400000,0x800000,0x1000000",2048,NULL
DEFAULT,isvioa22,fcs0,4014,0x400000,0x800000,0,0,0,"0x100000,0x200000,0x400000,0x800000,0x1000000",4096,NULL
DEFAULT,isvioa22,fcs1,4014,0x400000,0x800000,0,0,0,"0x100000,0x200000,0x400000,0x800000,0x1000000",4096,NULL
DEFAULT,isvioa221,fcs2,2048,0x400000,0x800000,0,0,0,"0x100000,0x200000,0x400000,0x800000,0x1000000",2048,NULL
DEFAULT,isvioa221,fcs3,2048,0x400000,0x800000,0,0,0,"0x100000,0x200000,0x400000,0x800000,0x1000000",2048,NULL
DEFAULT,isvioa222,fcs2,1024,0x400000,0x800000,0,0,0,"0x100000,0x200000,0x400000,0x800000,0x1000000",2048,NULL
DEFAULT,isvioa222,fcs3,1024,0x400000,0x800000,0,0,0,"0x100000,0x200000,0x400000,0x800000,0x1000000",2048,NULL
DEFAULT,isvioa231,fcs2,2048,0x400000,0x800000,0,0,0,"0x100000,0x200000,0x400000,0x800000,0x1000000",2048,NULL
DEFAULT,isvioa231,fcs3,2048,0x400000,0x800000,0,0,0,"0x100000,0x200000,0x400000,0x800000,0x1000000",2048,NULL
DEFAULT,isvioa232,fcs2,2048,0x400000,0x800000,0,0,0,"0x100000,0x200000,0x400000,0x800000,0x1000000",2048,NULL
DEFAULT,isvioa232,fcs3,2048,0x400000,0x800000,0,0,0,"0x100000,0x200000,0x400000,0x800000,0x1000000",2048,NULL
DEFAULT,isvioa31,fcs0,4014,0x400000,0x800000,0,0,0,"0x100000,0x200000,0x400000,0x800000,0x1000000",4096,NULL
DEFAULT,isvioa31,fcs1,4014,0x400000,0x800000,0,0,0,"0x100000,0x200000,0x400000,0x800000,0x1000000",4096,NULL
DEFAULT,isvioa32,fcs0,4014,0x400000,0x800000,0,0,0,"0x100000,0x200000,0x400000,0x800000,0x1000000",4096,NULL
DEFAULT,isvioa32,fcs1,4014,0x400000,0x800000,0,0,0,"0x100000,0x200000,0x400000,0x800000,0x1000000",4096,NULL
DEFAULT,isvioa41,fcs0,4014,0x400000,0x800000,0,0,0,"0x100000,0x200000,0x400000,0x800000,0x1000000",4096,NULL
DEFAULT,isvioa41,fcs1,4014,0x400000,0x800000,0,0,0,"0x100000,0x200000,0x400000,0x800000,0x1000000",4096,NULL
DEFAULT,isvioa42,fcs0,4014,0x400000,0x800000,0,0,0,"0x100000,0x200000,0x400000,0x800000,0x1000000",4096,NULL
DEFAULT,isvioa42,fcs1,4014,0x400000,0x800000,0,0,0,"0x100000,0x200000,0x400000,0x800000,0x1000000",4096,NULL
DEFAULT,isvioa51,fcs0,4014,0x400000,0x800000,0,31,0,"0x100000,0x200000,0x400000,0x800000,0x1000000",4096,NULL
DEFAULT,isvioa51,fcs1,4014,0x400000,0x800000,0,82,0,"0x100000,0x200000,0x400000,0x800000,0x1000000",4096,NULL
DEFAULT,isvioa52,fcs0,4014,0x400000,0x800000,0,34,0,"0x100000,0x200000,0x400000,0x800000,0x1000000",4096,NULL
DEFAULT,isvioa52,fcs1,4014,0x400000,0x800000,0,0,0,"0x100000,0x200000,0x400000,0x800000,0x1000000",4096,NULL
DEFAULT,isvioa61,fcs0,4014,0x400000,0x800000,0,0,0,"0x100000,0x200000,0x400000,0x800000,0x1000000",4096,NULL
DEFAULT,isvioa61,fcs1,4014,0x400000,0x800000,0,0,0,"0x100000,0x200000,0x400000,0x800000,0x1000000",4096,NULL
DEFAULT,isvioa62,fcs0,4014,0x400000,0x800000,0,0,0,"0x100000,0x200000,0x400000,0x800000,0x1000000",4096,NULL
DEFAULT,isvioa62,fcs1,4014,0x400000,0x800000,0,0,0,"0x100000,0x200000,0x400000,0x800000,0x1000000",4096,NULL
DEFAULT,isvioa71,fcs0,500,0x100000,0x800000,0,0,0,"0x100000,0x200000,0x400000,0x800000,0x1000000",4096,NULL
DEFAULT,isvioa71,fcs3,500,0x100000,0x800000,0,0,0,"0x100000,0x200000,0x400000,0x800000,0x1000000",4096,NULL
DEFAULT,isvioa72,fcs0,500,0x100000,0x800000,0,0,0,"0x100000,0x200000,0x400000,0x800000,0x1000000",4096,NULL
DEFAULT,isvioa72,fcs3,500,0x100000,0x800000,0,0,0,"0x100000,0x200000,0x400000,0x800000,0x1000000",4096,NULL
DEFAULT,isvioa73,fcs0,500,0x100000,0x800000,0,0,0,"0x100000,0x200000,0x400000,0x800000,0x1000000",4096,NULL
DEFAULT,isvioa73,fcs2,500,0x100000,0x800000,0,0,0,"0x100000,0x200000,0x400000,0x800000,0x1000000",4096,NULL
DEFAULT,isvioa74,fcs0,500,0x100000,0x800000,0,12,0,"0x100000,0x200000,0x400000,0x800000,0x1000000",4096,NULL
DEFAULT,isvioa74,fcs2,500,0x100000,0x800000,0,0,0,"0x100000,0x200000,0x400000,0x800000,0x1000000",4096,NULL
DEFAULT,isvioa81,fcs0,500,0x100000,0x800000,0,1,0,"0x100000,0x200000,0x400000,0x800000,0x1000000",4096,NULL
DEFAULT,isvioa81,fcs2,500,0x100000,0x800000,0,1,0,"0x100000,0x200000,0x400000,0x800000,0x1000000",4096,NULL
DEFAULT,isvioa82,fcs0,500,0x100000,0x800000,0,0,0,"0x100000,0x200000,0x400000,0x800000,0x1000000",4096,NULL
DEFAULT,isvioa82,fcs3,500,0x100000,0x800000,0,0,0,"0x100000,0x200000,0x400000,0x800000,0x1000000",4096,NULL
DEFAULT,isvioa83,fcs0,500,0x100000,0x800000,0,2,0,"0x100000,0x200000,0x400000,0x800000,0x1000000",4096,NULL
DEFAULT,isvioa83,fcs3,500,0x100000,0x800000,0,0,0,"0x100000,0x200000,0x400000,0x800000,0x1000000",4096,NULL
DEFAULT,isvioa84,fcs0,500,0x100000,0x800000,0,0,0,"0x100000,0x200000,0x400000,0x800000,0x1000000",4096,NULL
DEFAULT,isvioa84,fcs2,500,0x100000,0x800000,0,0,0,"0x100000,0x200000,0x400000,0x800000,0x1000000",4096,NULL
DEFAULT,isvioa91,fcs0,4014,0x400000,0x800000,0,0,0,"0x100000,0x200000,0x400000,0x800000,0x1000000",4096,NULL
DEFAULT,isvioa91,fcs1,4014,0x400000,0x800000,0,0,0,"0x100000,0x200000,0x400000,0x800000,0x1000000",4096,NULL
DEFAULT,isvioa92,fcs0,4014,0x400000,0x800000,0,0,0,"0x100000,0x200000,0x400000,0x800000,0x1000000",4096,NULL
DEFAULT,isvioa92,fcs1,4014,0x400000,0x800000,0,0,0,"0x100000,0x200000,0x400000,0x800000,0x1000000",4096,NULL
DEFAULT,isviob11,fcs0,4014,0x400000,0x800000,0,0,0,"0x100000,0x200000,0x400000,0x800000,0x1000000",4096,NULL
DEFAULT,isviob11,fcs1,4014,0x400000,0x800000,0,0,0,"0x100000,0x200000,0x400000,0x800000,0x1000000",4096,NULL
DEFAULT,isviob12,fcs0,4014,0x400000,0x800000,0,0,0,"0x100000,0x200000,0x400000,0x800000,0x1000000",4096,NULL
DEFAULT,isviob12,fcs1,4014,0x400000,0x800000,0,0,0,"0x100000,0x200000,0x400000,0x800000,0x1000000",4096,NULL
DEFAULT,isviob21,fcs0,4014,0x400000,0x800000,0,0,0,"0x100000,0x200000,0x400000,0x800000,0x1000000",4096,NULL
DEFAULT,isviob21,fcs1,4014,0x400000,0x800000,0,0,0,"0x100000,0x200000,0x400000,0x800000,0x1000000",4096,NULL
DEFAULT,isviob22,fcs0,4014,0x400000,0x800000,0,0,0,"0x100000,0x200000,0x400000,0x800000,0x1000000",4096,NULL
DEFAULT,isviob22,fcs1,4014,0x400000,0x800000,0,0,0,"0x100000,0x200000,0x400000,0x800000,0x1000000",4096,NULL
DEFAULT,vios011,fcs0,2048,0x400000,0x800000,0,0,0,"0x100000,0x200000,0x400000,0x800000,0x1000000",2048,NULL
DEFAULT,vios011,fcs1,2048,0x400000,0x800000,0,0,0,"0x100000,0x200000,0x400000,0x800000,0x1000000",2048,NULL
DEFAULT,vios012,fcs0,2048,0x400000,0x800000,0,0,0,"0x100000,0x200000,0x400000,0x800000,0x1000000",2048,NULL
DEFAULT,vios012,fcs1,2048,0x400000,0x800000,0,0,0,"0x100000,0x200000,0x400000,0x800000,0x1000000",2048,NULL
DEFAULT,vios021,fcs0,2048,0x400000,0x800000,0,0,0,"0x100000,0x200000,0x400000,0x800000,0x1000000",2048,NULL
DEFAULT,vios021,fcs1,2048,0x400000,0x800000,0,0,0,"0x100000,0x200000,0x400000,0x800000,0x1000000",2048,NULL
DEFAULT,vios022,fcs0,2048,0x400000,0x800000,0,0,0,"0x100000,0x200000,0x400000,0x800000,0x1000000",2048,NULL
DEFAULT,vios022,fcs1,2048,0x400000,0x800000,0,0,0,"0x100000,0x200000,0x400000,0x800000,0x1000000",2048,NULL
DEFAULT,vios031,fcs0,2048,0x400000,0x800000,0,0,0,"0x100000,0x200000,0x400000,0x800000,0x1000000",2048,NULL
DEFAULT,vios031,fcs1,2048,0x400000,0x800000,0,0,0,"0x100000,0x200000,0x400000,0x800000,0x1000000",2048,NULL
DEFAULT,vios032,fcs0,2048,0x400000,0x800000,0,0,0,"0x100000,0x200000,0x400000,0x800000,0x1000000",2048,NULL
DEFAULT,vios032,fcs1,2048,0x400000,0x800000,0,0,0,"0x100000,0x200000,0x400000,0x800000,0x1000000",2048,NULL
DEFAULT,vios041,fcs0,2048,0x400000,0x800000,0,0,0,"0x100000,0x200000,0x400000,0x800000,0x1000000",2048,NULL
DEFAULT,vios041,fcs1,2048,0x400000,0x800000,0,0,0,"0x100000,0x200000,0x400000,0x800000,0x1000000",2048,NULL
DEFAULT,vios042,fcs0,2048,0x400000,0x800000,0,0,0,"0x100000,0x200000,0x400000,0x800000,0x1000000",2048,NULL
DEFAULT,vios042,fcs1,2048,0x400000,0x800000,0,0,0,"0x100000,0x200000,0x400000,0x800000,0x1000000",2048,NULL
DEFAULT,vios051,fcs0,2048,0x400000,0x800000,0,0,0,"0x100000,0x200000,0x400000,0x800000,0x1000000",2048,NULL
DEFAULT,vios051,fcs1,2048,0x400000,0x800000,0,0,0,"0x100000,0x200000,0x400000,0x800000,0x1000000",2048,NULL
DEFAULT,vios052,fcs0,2048,0x400000,0x800000,0,0,0,"0x100000,0x200000,0x400000,0x800000,0x1000000",2048,NULL
DEFAULT,vios052,fcs1,2048,0x400000,0x800000,0,0,0,"0x100000,0x200000,0x400000,0x800000,0x1000000",2048,NULL
DEFAULT,vios061,fcs0,2048,0x400000,0x800000,0,0,0,"0x100000,0x200000,0x400000,0x800000,0x1000000",2048,NULL
DEFAULT,vios061,fcs1,2048,0x400000,0x800000,0,0,0,"0x100000,0x200000,0x400000,0x800000,0x1000000",2048,NULL
DEFAULT,vios062,fcs0,2048,0x400000,0x800000,0,0,0,"0x100000,0x200000,0x400000,0x800000,0x1000000",2048,NULL
DEFAULT,vios062,fcs1,2048,0x400000,0x800000,0,0,0,"0x100000,0x200000,0x400000,0x800000,0x1000000",2048,NULL
DEFAULT,vios071,fcs0,2048,0x400000,0x800000,0,0,0,"0x100000,0x200000,0x400000,0x800000,0x1000000",2048,NULL
DEFAULT,vios071,fcs1,2048,0x400000,0x800000,0,0,0,"0x100000,0x200000,0x400000,0x800000,0x1000000",2048,NULL
DEFAULT,vios072,fcs0,2048,0x400000,0x800000,0,0,0,"0x100000,0x200000,0x400000,0x800000,0x1000000",2048,NULL
DEFAULT,vios072,fcs1,2048,0x400000,0x800000,0,0,0,"0x100000,0x200000,0x400000,0x800000,0x1000000",2048,NULL
DEFAULT,vios081,fcs0,2048,0x400000,0x800000,0,0,0,"0x100000,0x200000,0x400000,0x800000,0x1000000",2048,NULL
DEFAULT,vios081,fcs1,2048,0x400000,0x800000,0,0,0,"0x100000,0x200000,0x400000,0x800000,0x1000000",2048,NULL
DEFAULT,vios082,fcs0,2048,0x400000,0x800000,0,0,0,"0x100000,0x200000,0x400000,0x800000,0x1000000",2048,NULL
DEFAULT,vios082,fcs1,2048,0x400000,0x800000,0,0,0,"0x100000,0x200000,0x400000,0x800000,0x1000000",2048,NULL
DEFAULT,vios091,fcs0,2048,0x400000,0x800000,0,0,0,"0x100000,0x200000,0x400000,0x800000,0x1000000",2048,NULL
DEFAULT,vios091,fcs1,2048,0x400000,0x800000,0,0,0,"0x100000,0x200000,0x400000,0x800000,0x1000000",2048,NULL
DEFAULT,vios092,fcs0,2048,0x400000,0x800000,0,0,0,"0x100000,0x200000,0x400000,0x800000,0x1000000",2048,NULL
DEFAULT,vios092,fcs1,2048,0x400000,0x800000,0,0,0,"0x100000,0x200000,0x400000,0x800000,0x1000000",2048,NULL
DEFAULT,vios1001,fcs0,500,0x100000,0x800000,0,33371,0,"0x100000,0x200000,0x400000,0x800000,0x1000000",2048,NULL
DEFAULT,vios1001,fcs1,500,0x100000,0x800000,0,57125,0,"0x100000,0x200000,0x400000,0x800000,0x1000000",2048,NULL
DEFAULT,vios1001,fcs4,500,0x100000,0x800000,0,1022,0,"0x100000,0x200000,0x400000,0x800000,0x1000000",2048,NULL
DEFAULT,vios1001,fcs5,500,0x100000,0x800000,0,1096,0,"0x100000,0x200000,0x400000,0x800000,0x1000000",2048,NULL
DEFAULT,vios1002,fcs4,500,0x100000,0x800000,0,469,0,"0x100000,0x200000,0x400000,0x800000,0x1000000",2048,NULL
DEFAULT,vios1002,fcs5,500,0x100000,0x800000,0,447,0,"0x100000,0x200000,0x400000,0x800000,0x1000000",2048,NULL
DEFAULT,vios101,fcs0,2048,0x400000,0x800000,0,0,0,"0x100000,0x200000,0x400000,0x800000,0x1000000",2048,NULL
DEFAULT,vios101,fcs1,2048,0x400000,0x800000,0,0,0,"0x100000,0x200000,0x400000,0x800000,0x1000000",2048,NULL
DEFAULT,vios1011,fcs2,500,0x100000,0x800000,0,124957,0,"0x100000,0x200000,0x400000,0x800000,0x1000000",2048,NULL
DEFAULT,vios1011,fcs3,500,0x100000,0x800000,0,189114,0,"0x100000,0x200000,0x400000,0x800000,0x1000000",2048,NULL
DEFAULT,vios1011,fcs6,500,0x100000,0x800000,0,122098,0,"0x100000,0x200000,0x400000,0x800000,0x1000000",2048,NULL
DEFAULT,vios1011,fcs7,500,0x100000,0x800000,0,23223,0,"0x100000,0x200000,0x400000,0x800000,0x1000000",2048,NULL
DEFAULT,vios1012,fcs0,500,0x100000,0x800000,0,204787,0,"0x100000,0x200000,0x400000,0x800000,0x1000000",2048,NULL
DEFAULT,vios1012,fcs1,500,0x100000,0x800000,0,134131,0,"0x100000,0x200000,0x400000,0x800000,0x1000000",2048,NULL
DEFAULT,vios1012,fcs6,500,0x100000,0x800000,0,21867,0,"0x100000,0x200000,0x400000,0x800000,0x1000000",2048,NULL
DEFAULT,vios1012,fcs7,500,0x100000,0x800000,0,130824,0,"0x100000,0x200000,0x400000,0x800000,0x1000000",2048,NULL
DEFAULT,vios102,fcs0,2048,0x400000,0x800000,0,0,0,"0x100000,0x200000,0x400000,0x800000,0x1000000",2048,NULL
DEFAULT,vios102,fcs1,2048,0x400000,0x800000,0,0,0,"0x100000,0x200000,0x400000,0x800000,0x1000000",2048,NULL
DEFAULT,vios1021,fcs0,500,0x100000,0x800000,0,328727,0,"0x100000,0x200000,0x400000,0x800000,0x1000000",2048,NULL
DEFAULT,vios1021,fcs1,500,0x100000,0x800000,0,250883,0,"0x100000,0x200000,0x400000,0x800000,0x1000000",2048,NULL
DEFAULT,vios1021,fcs6,500,0x100000,0x800000,0,194381,0,"0x100000,0x200000,0x400000,0x800000,0x1000000",2048,NULL
DEFAULT,vios1021,fcs7,500,0x100000,0x800000,0,1438,0,"0x100000,0x200000,0x400000,0x800000,0x1000000",2048,NULL
DEFAULT,vios1022,fcs2,500,0x100000,0x800000,0,661,0,"0x100000,0x200000,0x400000,0x800000,0x1000000",2048,NULL
DEFAULT,vios1022,fcs3,500,0x100000,0x800000,0,1604,0,"0x100000,0x200000,0x400000,0x800000,0x1000000",2048,NULL
DEFAULT,vios1022,fcs6,500,0x100000,0x800000,0,500905,21103,"0x100000,0x200000,0x400000,0x800000,0x1000000",2048,NULL
DEFAULT,vios1022,fcs7,500,0x100000,0x800000,0,258150,0,"0x100000,0x200000,0x400000,0x800000,0x1000000",2048,NULL
DEFAULT,vios1031,fcs2,2048,0x400000,0x800000,0,0,0,"0x100000,0x200000,0x400000,0x800000,0x1000000",2048,NULL
DEFAULT,vios1031,fcs3,2048,0x400000,0x800000,0,0,0,"0x100000,0x200000,0x400000,0x800000,0x1000000",2048,NULL
DEFAULT,vios1031,fcs6,2048,0x400000,0x800000,0,0,0,"0x100000,0x200000,0x400000,0x800000,0x1000000",2048,NULL
DEFAULT,vios1031,fcs7,2048,0x400000,0x800000,0,0,0,"0x100000,0x200000,0x400000,0x800000,0x1000000",2048,NULL
DEFAULT,vios1032,fcs0,2048,0x400000,0x800000,0,0,0,"0x100000,0x200000,0x400000,0x800000,0x1000000",2048,NULL
DEFAULT,vios1032,fcs1,2048,0x400000,0x800000,0,0,0,"0x100000,0x200000,0x400000,0x800000,0x1000000",2048,NULL
DEFAULT,vios1032,fcs6,2048,0x400000,0x800000,0,0,0,"0x100000,0x200000,0x400000,0x800000,0x1000000",2048,NULL
DEFAULT,vios1032,fcs7,2048,0x400000,0x800000,0,0,0,"0x100000,0x200000,0x400000,0x800000,0x1000000",2048,NULL
DEFAULT,vios1041,fcs2,500,0x400000,0x800000,0,0,0,"0x100000,0x200000,0x400000,0x800000,0x1000000",2048,NULL
DEFAULT,vios1041,fcs3,500,0x400000,0x800000,0,0,0,"0x100000,0x200000,0x400000,0x800000,0x1000000",2048,NULL
DEFAULT,vios1041,fcs6,500,0x400000,0x800000,0,0,0,"0x100000,0x200000,0x400000,0x800000,0x1000000",2048,NULL
DEFAULT,vios1041,fcs7,500,0x400000,0x800000,0,0,0,"0x100000,0x200000,0x400000,0x800000,0x1000000",2048,NULL
DEFAULT,vios1042,fcs0,500,0x400000,0x800000,0,0,0,"0x100000,0x200000,0x400000,0x800000,0x1000000",2048,NULL
DEFAULT,vios1042,fcs1,500,0x400000,0x800000,0,0,0,"0x100000,0x200000,0x400000,0x800000,0x1000000",2048,NULL
DEFAULT,vios1042,fcs6,500,0x400000,0x800000,0,0,0,"0x100000,0x200000,0x400000,0x800000,0x1000000",2048,NULL
DEFAULT,vios1042,fcs7,500,0x400000,0x800000,0,0,0,"0x100000,0x200000,0x400000,0x800000,0x1000000",2048,NULL
DEFAULT,vios1051,fcs0,500,0x100000,0x800000,0,194838,0,"0x100000,0x200000,0x400000,0x800000,0x1000000",2048,NULL
DEFAULT,vios1051,fcs1,500,0x100000,0x800000,0,86332,0,"0x100000,0x200000,0x400000,0x800000,0x1000000",2048,NULL
DEFAULT,vios1051,fcs6,500,0x100000,0x800000,0,2,0,"0x100000,0x200000,0x400000,0x800000,0x1000000",2048,NULL
DEFAULT,vios1051,fcs7,500,0x100000,0x800000,0,80646,0,"0x100000,0x200000,0x400000,0x800000,0x1000000",2048,NULL
DEFAULT,vios1052,fcs2,500,0x100000,0x800000,1,193722,0,"0x100000,0x200000,0x400000,0x800000,0x1000000",2048,NULL
DEFAULT,vios1052,fcs3,500,0x100000,0x800000,0,85201,0,"0x100000,0x200000,0x400000,0x800000,0x1000000",2048,NULL
DEFAULT,vios1052,fcs6,500,0x100000,0x800000,0,5,0,"0x100000,0x200000,0x400000,0x800000,0x1000000",2048,NULL
DEFAULT,vios1052,fcs7,500,0x100000,0x800000,0,82990,0,"0x100000,0x200000,0x400000,0x800000,0x1000000",2048,NULL
DEFAULT,vios1061,fcs0,500,0x100000,0x800000,0,204666,780,"0x100000,0x200000,0x400000,0x800000,0x1000000",2048,NULL
DEFAULT,vios1061,fcs1,500,0x100000,0x800000,0,195336,0,"0x100000,0x200000,0x400000,0x800000,0x1000000",2048,NULL
DEFAULT,vios1061,fcs6,500,0x100000,0x800000,0,93967,0,"0x100000,0x200000,0x400000,0x800000,0x1000000",2048,NULL
DEFAULT,vios1061,fcs7,500,0x100000,0x800000,0,11736,0,"0x100000,0x200000,0x400000,0x800000,0x1000000",2048,NULL
DEFAULT,vios1062,fcs2,500,0x100000,0x800000,0,195022,0,"0x100000,0x200000,0x400000,0x800000,0x1000000",2048,NULL
DEFAULT,vios1062,fcs3,500,0x100000,0x800000,0,201652,687,"0x100000,0x200000,0x400000,0x800000,0x1000000",2048,NULL
DEFAULT,vios1062,fcs6,500,0x100000,0x800000,0,10800,0,"0x100000,0x200000,0x400000,0x800000,0x1000000",2048,NULL
DEFAULT,vios1062,fcs7,500,0x100000,0x800000,0,92372,0,"0x100000,0x200000,0x400000,0x800000,0x1000000",2048,NULL
DEFAULT,vios1071,fcs2,500,0x100000,0x800000,0,1559,0,"0x100000,0x200000,0x400000,0x800000,0x1000000",2048,NULL
DEFAULT,vios1071,fcs3,500,0x100000,0x800000,0,374,0,"0x100000,0x200000,0x400000,0x800000,0x1000000",2048,NULL
DEFAULT,vios1071,fcs6,500,0x100000,0x800000,0,83902,0,"0x100000,0x200000,0x400000,0x800000,0x1000000",2048,NULL
DEFAULT,vios1071,fcs7,500,0x100000,0x800000,0,23050,0,"0x100000,0x200000,0x400000,0x800000,0x1000000",2048,NULL
DEFAULT,vios1072,fcs0,500,0x100000,0x800000,0,1089,0,"0x100000,0x200000,0x400000,0x800000,0x1000000",2048,NULL
DEFAULT,vios1072,fcs1,500,0x100000,0x800000,0,325,0,"0x100000,0x200000,0x400000,0x800000,0x1000000",2048,NULL
DEFAULT,vios1072,fcs6,500,0x100000,0x800000,0,112289,0,"0x100000,0x200000,0x400000,0x800000,0x1000000",2048,NULL
DEFAULT,vios1072,fcs7,500,0x100000,0x800000,0,1273,0,"0x100000,0x200000,0x400000,0x800000,0x1000000",2048,NULL
DEFAULT,vios1211,fcs2,500,0x100000,0x800000,0,7805,0,"0x100000,0x200000,0x400000,0x800000,0x1000000",2048,NULL
DEFAULT,vios1211,fcs3,500,0x100000,0x800000,0,6529,0,"0x100000,0x200000,0x400000,0x800000,0x1000000",2048,NULL
DEFAULT,vios1211,fcs6,500,0x100000,0x800000,0,1704,0,"0x100000,0x200000,0x400000,0x800000,0x1000000",2048,NULL
DEFAULT,vios1211,fcs7,500,0x100000,0x800000,0,3922,0,"0x100000,0x200000,0x400000,0x800000,0x1000000",2048,NULL
DEFAULT,vios1212,fcs0,500,0x100000,0x800000,0,6503,0,"0x100000,0x200000,0x400000,0x800000,0x1000000",2048,NULL
DEFAULT,vios1212,fcs1,500,0x100000,0x800000,0,7834,0,"0x100000,0x200000,0x400000,0x800000,0x1000000",2048,NULL
DEFAULT,vios1212,fcs6,500,0x100000,0x800000,0,3347,0,"0x100000,0x200000,0x400000,0x800000,0x1000000",2048,NULL
DEFAULT,vios1212,fcs7,500,0x100000,0x800000,0,1559,0,"0x100000,0x200000,0x400000,0x800000,0x1000000",2048,NULL
DEFAULT,vios1221,fcs2,500,0x100000,0x800000,0,3711,0,"0x100000,0x200000,0x400000,0x800000,0x1000000",2048,NULL
DEFAULT,vios1221,fcs3,500,0x100000,0x800000,0,1747,0,"0x100000,0x200000,0x400000,0x800000,0x1000000",2048,NULL
DEFAULT,vios1221,fcs6,500,0x100000,0x800000,0,12030,0,"0x100000,0x200000,0x400000,0x800000,0x1000000",2048,NULL
DEFAULT,vios1221,fcs7,500,0x100000,0x800000,0,8988,0,"0x100000,0x200000,0x400000,0x800000,0x1000000",2048,NULL
DEFAULT,vios1222,fcs0,500,0x100000,0x800000,0,6069,0,"0x100000,0x200000,0x400000,0x800000,0x1000000",2048,NULL
DEFAULT,vios1222,fcs1,500,0x100000,0x800000,0,6026,0,"0x100000,0x200000,0x400000,0x800000,0x1000000",2048,NULL
DEFAULT,vios1222,fcs6,500,0x100000,0x800000,0,6205,0,"0x100000,0x200000,0x400000,0x800000,0x1000000",2048,NULL
DEFAULT,vios1222,fcs7,500,0x100000,0x800000,0,5960,0,"0x100000,0x200000,0x400000,0x800000,0x1000000",2048,NULL
DEFAULT,vios1231,fcs2,500,0x100000,0x800000,0,14391,0,"0x100000,0x200000,0x400000,0x800000,0x1000000",2048,NULL
DEFAULT,vios1231,fcs3,500,0x100000,0x800000,0,11348,0,"0x100000,0x200000,0x400000,0x800000,0x1000000",2048,NULL
DEFAULT,vios1231,fcs6,500,0x100000,0x800000,0,5921,0,"0x100000,0x200000,0x400000,0x800000,0x1000000",2048,NULL
DEFAULT,vios1231,fcs7,500,0x100000,0x800000,0,6241,0,"0x100000,0x200000,0x400000,0x800000,0x1000000",2048,NULL
DEFAULT,vios1232,fcs0,500,0x100000,0x800000,0,4938,0,"0x100000,0x200000,0x400000,0x800000,0x1000000",2048,NULL
DEFAULT,vios1232,fcs1,500,0x100000,0x800000,0,8127,0,"0x100000,0x200000,0x400000,0x800000,0x1000000",2048,NULL
DEFAULT,vios1232,fcs6,500,0x100000,0x800000,0,2908,0,"0x100000,0x200000,0x400000,0x800000,0x1000000",2048,NULL
DEFAULT,vios1232,fcs7,500,0x100000,0x800000,0,2977,0,"0x100000,0x200000,0x400000,0x800000,0x1000000",2048,NULL
DEFAULT,vios1241,fcs2,500,0x100000,0x800000,0,6359,0,"0x100000,0x200000,0x400000,0x800000,0x1000000",2048,NULL
DEFAULT,vios1241,fcs3,500,0x100000,0x800000,0,4577,0,"0x100000,0x200000,0x400000,0x800000,0x1000000",2048,NULL
DEFAULT,vios1241,fcs6,500,0x100000,0x800000,0,3148,0,"0x100000,0x200000,0x400000,0x800000,0x1000000",2048,NULL
DEFAULT,vios1241,fcs7,500,0x100000,0x800000,0,2838,0,"0x100000,0x200000,0x400000,0x800000,0x1000000",2048,NULL
DEFAULT,vios1242,fcs0,500,0x100000,0x800000,0,4460,0,"0x100000,0x200000,0x400000,0x800000,0x1000000",2048,NULL
DEFAULT,vios1242,fcs1,500,0x100000,0x800000,0,6156,0,"0x100000,0x200000,0x400000,0x800000,0x1000000",2048,NULL
DEFAULT,vios1242,fcs6,500,0x100000,0x800000,0,2758,0,"0x100000,0x200000,0x400000,0x800000,0x1000000",2048,NULL
DEFAULT,vios1242,fcs7,500,0x100000,0x800000,0,3182,0,"0x100000,0x200000,0x400000,0x800000,0x1000000",2048,NULL
DEFAULT,vios1251,fcs2,500,0x100000,0x800000,0,2659,0,"0x100000,0x200000,0x400000,0x800000,0x1000000",2048,NULL
DEFAULT,vios1251,fcs3,500,0x100000,0x800000,0,3176,0,"0x100000,0x200000,0x400000,0x800000,0x1000000",2048,NULL
DEFAULT,vios1251,fcs6,500,0x100000,0x800000,0,1129,0,"0x100000,0x200000,0x400000,0x800000,0x1000000",2048,NULL
DEFAULT,vios1251,fcs7,500,0x100000,0x800000,0,1316,0,"0x100000,0x200000,0x400000,0x800000,0x1000000",2048,NULL
DEFAULT,vios1252,fcs0,500,0x100000,0x800000,0,3200,0,"0x100000,0x200000,0x400000,0x800000,0x1000000",2048,NULL
DEFAULT,vios1252,fcs1,500,0x100000,0x800000,0,2868,0,"0x100000,0x200000,0x400000,0x800000,0x1000000",2048,NULL
DEFAULT,vios1252,fcs6,500,0x100000,0x800000,0,1294,0,"0x100000,0x200000,0x400000,0x800000,0x1000000",2048,NULL
DEFAULT,vios1252,fcs7,500,0x100000,0x800000,0,1150,0,"0x100000,0x200000,0x400000,0x800000,0x1000000",2048,NULL
DEFAULT,vios311,fcs0,4014,0x400000,0x800000,0,0,0,"0x100000,0x200000,0x400000,0x800000,0x1000000",4096,NULL
DEFAULT,vios311,fcs1,4014,0x400000,0x800000,0,0,0,"0x100000,0x200000,0x400000,0x800000,0x1000000",4096,NULL
DEFAULT,vios312,fcs0,4014,0x400000,0x800000,0,0,0,"0x100000,0x200000,0x400000,0x800000,0x1000000",4096,NULL
DEFAULT,vios312,fcs1,4014,0x400000,0x800000,0,0,0,"0x100000,0x200000,0x400000,0x800000,0x1000000",4096,NULL
DEFAULT,vios321,fcs0,4014,0x400000,0x800000,0,0,0,"0x100000,0x200000,0x400000,0x800000,0x1000000",4096,NULL
DEFAULT,vios321,fcs1,4014,0x400000,0x800000,0,0,0,"0x100000,0x200000,0x400000,0x800000,0x1000000",4096,NULL
DEFAULT,vios322,fcs0,4014,0x400000,0x800000,0,0,0,"0x100000,0x200000,0x400000,0x800000,0x1000000",4096,NULL
DEFAULT,vios322,fcs1,4014,0x400000,0x800000,0,0,0,"0x100000,0x200000,0x400000,0x800000,0x1000000",4096,NULL
DEFAULT,vios331,fcs0,4014,0x400000,0x800000,0,0,0,"0x100000,0x200000,0x400000,0x800000,0x1000000",4096,NULL
DEFAULT,vios331,fcs1,4014,0x400000,0x800000,0,0,0,"0x100000,0x200000,0x400000,0x800000,0x1000000",4096,NULL
DEFAULT,vios332,fcs0,4014,0x400000,0x800000,0,0,0,"0x100000,0x200000,0x400000,0x800000,0x1000000",4096,NULL
DEFAULT,vios332,fcs1,4014,0x400000,0x800000,0,0,0,"0x100000,0x200000,0x400000,0x800000,0x1000000",4096,NULL
DEFAULT,vios341,fcs0,500,0x400000,0x800000,0,0,0,"0x100000,0x200000,0x400000,0x800000,0x1000000",4096,NULL
DEFAULT,vios341,fcs1,500,0x400000,0x800000,0,0,0,"0x100000,0x200000,0x400000,0x800000,0x1000000",4096,NULL
DEFAULT,vios342,fcs0,4014,0x400000,0x800000,0,0,0,"0x100000,0x200000,0x400000,0x800000,0x1000000",4096,NULL
DEFAULT,vios342,fcs1,4014,0x400000,0x800000,0,0,0,"0x100000,0x200000,0x400000,0x800000,0x1000000",4096,NULL
DEFAULT,vios351,fcs0,4014,0x400000,0x800000,0,0,0,"0x100000,0x200000,0x400000,0x800000,0x1000000",4096,NULL
DEFAULT,vios351,fcs1,4014,0x400000,0x800000,0,0,0,"0x100000,0x200000,0x400000,0x800000,0x1000000",4096,NULL
DEFAULT,vios352,fcs0,4014,0x400000,0x800000,0,0,0,"0x100000,0x200000,0x400000,0x800000,0x1000000",4096,NULL
DEFAULT,vios352,fcs1,4014,0x400000,0x800000,0,0,0,"0x100000,0x200000,0x400000,0x800000,0x1000000",4096,NULL
DEFAULT,vios361,fcs0,4014,0x400000,0x800000,0,0,0,"0x100000,0x200000,0x400000,0x800000,0x1000000",4096,NULL
DEFAULT,vios361,fcs1,4014,0x400000,0x800000,0,0,0,"0x100000,0x200000,0x400000,0x800000,0x1000000",4096,NULL
DEFAULT,vios362,fcs0,4014,0x400000,0x800000,0,0,0,"0x100000,0x200000,0x400000,0x800000,0x1000000",4096,NULL
DEFAULT,vios362,fcs1,4014,0x400000,0x800000,0,0,0,"0x100000,0x200000,0x400000,0x800000,0x1000000",4096,NULL
DEFAULT,vios371,fcs0,4014,0x400000,0x800000,0,0,0,"0x100000,0x200000,0x400000,0x800000,0x1000000",4096,NULL
DEFAULT,vios371,fcs1,4014,0x400000,0x800000,0,0,0,"0x100000,0x200000,0x400000,0x800000,0x1000000",4096,NULL
DEFAULT,vios372,fcs0,4014,0x400000,0x800000,0,0,0,"0x100000,0x200000,0x400000,0x800000,0x1000000",4096,NULL
DEFAULT,vios372,fcs1,4014,0x400000,0x800000,0,0,0,"0x100000,0x200000,0x400000,0x800000,0x1000000",4096,NULL
DEFAULT,vios381,fcs0,4014,0x400000,0x800000,0,0,0,"0x100000,0x200000,0x400000,0x800000,0x1000000",4096,NULL
DEFAULT,vios381,fcs1,4014,0x400000,0x800000,0,0,0,"0x100000,0x200000,0x400000,0x800000,0x1000000",4096,NULL
DEFAULT,vios382,fcs0,4014,0x400000,0x800000,0,0,0,"0x100000,0x200000,0x400000,0x800000,0x1000000",4096,NULL
DEFAULT,vios382,fcs1,4014,0x400000,0x800000,0,0,0,"0x100000,0x200000,0x400000,0x800000,0x1000000",4096,NULL
DEFAULT,vios391,fcs0,4014,0x400000,0x800000,0,0,0,"0x100000,0x200000,0x400000,0x800000,0x1000000",4096,NULL
DEFAULT,vios391,fcs1,4014,0x400000,0x800000,0,0,0,"0x100000,0x200000,0x400000,0x800000,0x1000000",4096,NULL
DEFAULT,vios392,fcs0,4014,0x400000,0x800000,0,0,0,"0x100000,0x200000,0x400000,0x800000,0x1000000",4096,NULL
DEFAULT,vios392,fcs1,4014,0x400000,0x800000,0,0,0,"0x100000,0x200000,0x400000,0x800000,0x1000000",4096,NULL
DEFAULT,vios401,fcs0,4014,0x400000,0x800000,0,0,0,"0x100000,0x200000,0x400000,0x800000,0x1000000",4096,NULL
DEFAULT,vios401,fcs1,4014,0x400000,0x800000,0,0,0,"0x100000,0x200000,0x400000,0x800000,0x1000000",4096,NULL
DEFAULT,vios402,fcs0,4014,0x400000,0x800000,0,0,0,"0x100000,0x200000,0x400000,0x800000,0x1000000",4096,NULL
DEFAULT,vios402,fcs1,4014,0x400000,0x800000,0,0,0,"0x100000,0x200000,0x400000,0x800000,0x1000000",4096,NULL
DEFAULT,vios411,fcs0,4014,0x400000,0x800000,0,2863,0,"0x100000,0x200000,0x400000,0x800000,0x1000000",4096,NULL
DEFAULT,vios411,fcs1,4014,0x400000,0x800000,0,0,0,"0x100000,0x200000,0x400000,0x800000,0x1000000",4096,NULL
DEFAULT,vios412,fcs0,4014,0x400000,0x800000,0,0,0,"0x100000,0x200000,0x400000,0x800000,0x1000000",4096,NULL
DEFAULT,vios412,fcs1,4014,0x400000,0x800000,0,6851,0,"0x100000,0x200000,0x400000,0x800000,0x1000000",4096,NULL
DEFAULT,vios421,fcs0,4014,0x400000,0x800000,0,9,0,"0x100000,0x200000,0x400000,0x800000,0x1000000",4096,NULL
DEFAULT,vios421,fcs1,4014,0x400000,0x800000,0,16,0,"0x100000,0x200000,0x400000,0x800000,0x1000000",4096,NULL
DEFAULT,vios422,fcs0,4014,0x400000,0x800000,0,25,0,"0x100000,0x200000,0x400000,0x800000,0x1000000",4096,NULL
DEFAULT,vios422,fcs1,4014,0x400000,0x800000,0,0,0,"0x100000,0x200000,0x400000,0x800000,0x1000000",4096,NULL
DEFAULT,vios431,fcs0,4014,0x400000,0x800000,0,229,0,"0x100000,0x200000,0x400000,0x800000,0x1000000",4096,NULL
DEFAULT,vios431,fcs1,4014,0x400000,0x800000,0,0,0,"0x100000,0x200000,0x400000,0x800000,0x1000000",4096,NULL
DEFAULT,vios432,fcs0,4014,0x400000,0x800000,0,0,0,"0x100000,0x200000,0x400000,0x800000,0x1000000",4096,NULL
DEFAULT,vios432,fcs1,4014,0x400000,0x800000,0,193,0,"0x100000,0x200000,0x400000,0x800000,0x1000000",4096,NULL
DEFAULT,vios441,fcs0,4014,0x400000,0x800000,0,81,0,"0x100000,0x200000,0x400000,0x800000,0x1000000",4096,NULL
DEFAULT,vios441,fcs1,4014,0x400000,0x800000,0,13,0,"0x100000,0x200000,0x400000,0x800000,0x1000000",4096,NULL
DEFAULT,vios442,fcs0,4014,0x400000,0x800000,0,59,0,"0x100000,0x200000,0x400000,0x800000,0x1000000",4096,NULL
DEFAULT,vios442,fcs1,4014,0x400000,0x800000,0,137,0,"0x100000,0x200000,0x400000,0x800000,0x1000000",4096,NULL
DEFAULT,vios451,fcs0,4014,0x400000,0x800000,0,35,0,"0x100000,0x200000,0x400000,0x800000,0x1000000",4096,NULL
DEFAULT,vios451,fcs1,4014,0x400000,0x800000,0,15,0,"0x100000,0x200000,0x400000,0x800000,0x1000000",4096,NULL
DEFAULT,vios452,fcs0,4014,0x400000,0x800000,0,118,0,"0x100000,0x200000,0x400000,0x800000,0x1000000",4096,NULL
DEFAULT,vios452,fcs1,4014,0x400000,0x800000,0,98,0,"0x100000,0x200000,0x400000,0x800000,0x1000000",4096,NULL
DEFAULT,vios461,fcs0,4014,0x400000,0x800000,0,0,0,"0x100000,0x200000,0x400000,0x800000,0x1000000",4096,NULL
DEFAULT,vios461,fcs1,4014,0x400000,0x800000,0,23,0,"0x100000,0x200000,0x400000,0x800000,0x1000000",4096,NULL
DEFAULT,vios462,fcs0,4014,0x400000,0x800000,0,96,0,"0x100000,0x200000,0x400000,0x800000,0x1000000",4096,NULL
DEFAULT,vios462,fcs1,4014,0x400000,0x800000,0,0,0,"0x100000,0x200000,0x400000,0x800000,0x1000000",4096,NULL
DEFAULT,vios471,fcs0,4014,0x400000,0x800000,0,0,0,"0x100000,0x200000,0x400000,0x800000,0x1000000",4096,NULL
DEFAULT,vios471,fcs1,4014,0x400000,0x800000,0,0,0,"0x100000,0x200000,0x400000,0x800000,0x1000000",4096,NULL
DEFAULT,vios472,fcs0,4014,0x400000,0x800000,0,0,0,"0x100000,0x200000,0x400000,0x800000,0x1000000",4096,NULL
DEFAULT,vios472,fcs1,4014,0x400000,0x800000,0,0,0,"0x100000,0x200000,0x400000,0x800000,0x1000000",4096,NULL
DEFAULT,vios481,fcs0,4014,0x400000,0x800000,0,316,0,"0x100000,0x200000,0x400000,0x800000,0x1000000",4096,NULL
DEFAULT,vios481,fcs1,4014,0x400000,0x800000,0,0,0,"0x100000,0x200000,0x400000,0x800000,0x1000000",4096,NULL
DEFAULT,vios482,fcs0,4014,0x400000,0x800000,0,0,0,"0x100000,0x200000,0x400000,0x800000,0x1000000",4096,NULL
DEFAULT,vios482,fcs1,4014,0x400000,0x800000,0,290,0,"0x100000,0x200000,0x400000,0x800000,0x1000000",4096,NULL
DEFAULT,vios491,fcs0,4014,0x400000,0x800000,0,0,0,"0x100000,0x200000,0x400000,0x800000,0x1000000",4096,NULL
DEFAULT,vios491,fcs1,4014,0x400000,0x800000,0,0,0,"0x100000,0x200000,0x400000,0x800000,0x1000000",4096,NULL
DEFAULT,vios492,fcs0,4014,0x400000,0x800000,0,0,0,"0x100000,0x200000,0x400000,0x800000,0x1000000",4096,NULL
DEFAULT,vios492,fcs1,4014,0x400000,0x800000,0,0,0,"0x100000,0x200000,0x400000,0x800000,0x1000000",4096,NULL
DEFAULT,vios501,fcs0,4014,0x400000,0x800000,0,0,0,"0x100000,0x200000,0x400000,0x800000,0x1000000",4096,NULL
DEFAULT,vios501,fcs1,4014,0x400000,0x800000,0,5,0,"0x100000,0x200000,0x400000,0x800000,0x1000000",4096,NULL
DEFAULT,vios502,fcs0,4014,0x400000,0x800000,0,5,0,"0x100000,0x200000,0x400000,0x800000,0x1000000",4096,NULL
DEFAULT,vios502,fcs1,4014,0x400000,0x800000,0,0,0,"0x100000,0x200000,0x400000,0x800000,0x1000000",4096,NULL
DEFAULT,vios511,fcs0,4014,0x400000,0x800000,0,104,0,"0x100000,0x200000,0x400000,0x800000,0x1000000",4096,NULL
DEFAULT,vios511,fcs1,4014,0x400000,0x800000,0,130,0,"0x100000,0x200000,0x400000,0x800000,0x1000000",4096,NULL
DEFAULT,vios512,fcs0,4014,0x400000,0x800000,0,65,0,"0x100000,0x200000,0x400000,0x800000,0x1000000",4096,NULL
DEFAULT,vios512,fcs1,4014,0x400000,0x800000,0,6,0,"0x100000,0x200000,0x400000,0x800000,0x1000000",4096,NULL
DEFAULT,vios521,fcs0,4014,0x400000,0x800000,0,127,0,"0x100000,0x200000,0x400000,0x800000,0x1000000",4096,NULL
DEFAULT,vios521,fcs1,4014,0x400000,0x800000,0,4579,0,"0x100000,0x200000,0x400000,0x800000,0x1000000",4096,NULL
DEFAULT,vios522,fcs0,4014,0x400000,0x800000,0,1762,0,"0x100000,0x200000,0x400000,0x800000,0x1000000",4096,NULL
DEFAULT,vios522,fcs1,4014,0x400000,0x800000,0,81,0,"0x100000,0x200000,0x400000,0x800000,0x1000000",4096,NULL
DEFAULT,vios531,fcs0,4014,0x400000,0x800000,0,52,0,"0x100000,0x200000,0x400000,0x800000,0x1000000",4096,NULL
DEFAULT,vios531,fcs1,4014,0x400000,0x800000,0,16,0,"0x100000,0x200000,0x400000,0x800000,0x1000000",4096,NULL
DEFAULT,vios532,fcs0,4014,0x400000,0x800000,0,1,0,"0x100000,0x200000,0x400000,0x800000,0x1000000",4096,NULL
DEFAULT,vios532,fcs1,4014,0x400000,0x800000,0,2,0,"0x100000,0x200000,0x400000,0x800000,0x1000000",4096,NULL
DEFAULT,vios541,fcs0,4014,0x400000,0x800000,0,0,0,"0x100000,0x200000,0x400000,0x800000,0x1000000",4096,NULL
DEFAULT,vios541,fcs1,4014,0x400000,0x800000,0,133,0,"0x100000,0x200000,0x400000,0x800000,0x1000000",4096,NULL
DEFAULT,vios542,fcs0,4014,0x400000,0x800000,0,89,0,"0x100000,0x200000,0x400000,0x800000,0x1000000",4096,NULL
DEFAULT,vios542,fcs1,4014,0x400000,0x800000,0,0,0,"0x100000,0x200000,0x400000,0x800000,0x1000000",4096,NULL
DEFAULT,vios551,fcs0,4014,0x400000,0x800000,0,0,0,"0x100000,0x200000,0x400000,0x800000,0x1000000",4096,NULL
DEFAULT,vios551,fcs1,4014,0x400000,0x800000,0,12,0,"0x100000,0x200000,0x400000,0x800000,0x1000000",4096,NULL
DEFAULT,vios552,fcs0,4014,0x400000,0x800000,0,2,0,"0x100000,0x200000,0x400000,0x800000,0x1000000",4096,NULL
DEFAULT,vios552,fcs1,4014,0x400000,0x800000,0,0,0,"0x100000,0x200000,0x400000,0x800000,0x1000000",4096,NULL
DEFAULT,vios561,fcs2,500,0x400000,0x800000,0,0,0,"0x100000,0x200000,0x400000,0x800000,0x1000000",2048,NULL
DEFAULT,vios561,fcs3,500,0x400000,0x800000,0,0,0,"0x100000,0x200000,0x400000,0x800000,0x1000000",2048,NULL
DEFAULT,vios562,fcs2,500,0x400000,0x800000,0,0,0,"0x100000,0x200000,0x400000,0x800000,0x1000000",2048,NULL
DEFAULT,vios562,fcs3,500,0x400000,0x800000,0,0,0,"0x100000,0x200000,0x400000,0x800000,0x1000000",2048,NULL
DEFAULT,vios571,fcs2,2048,0x400000,0x800000,0,2400,0,"0x100000,0x200000,0x400000,0x800000,0x1000000",2048,NULL
DEFAULT,vios571,fcs3,2048,0x400000,0x800000,0,0,0,"0x100000,0x200000,0x400000,0x800000,0x1000000",2048,NULL
DEFAULT,vios572,fcs2,2048,0x400000,0x800000,0,0,0,"0x100000,0x200000,0x400000,0x800000,0x1000000",2048,NULL
DEFAULT,vios572,fcs3,2048,0x400000,0x800000,0,2401,0,"0x100000,0x200000,0x400000,0x800000,0x1000000",2048,NULL
DEFAULT,vios581,fcs2,2048,0x400000,0x800000,0,0,0,"0x100000,0x200000,0x400000,0x800000,0x1000000",2048,NULL
DEFAULT,vios581,fcs3,2048,0x400000,0x800000,0,0,0,"0x100000,0x200000,0x400000,0x800000,0x1000000",2048,NULL
DEFAULT,vios582,fcs2,2048,0x400000,0x800000,0,0,0,"0x100000,0x200000,0x400000,0x800000,0x1000000",2048,NULL
DEFAULT,vios582,fcs3,2048,0x400000,0x800000,37,0,0,"0x100000,0x200000,0x400000,0x800000,0x1000000",2048,NULL
DEFAULT,vios591,fcs2,2048,0x400000,0x800000,0,0,0,"0x100000,0x200000,0x400000,0x800000,0x1000000",2048,NULL
DEFAULT,vios591,fcs3,2048,0x400000,0x800000,0,0,0,"0x100000,0x200000,0x400000,0x800000,0x1000000",2048,NULL
DEFAULT,vios592,fcs2,2048,0x400000,0x800000,0,0,0,"0x100000,0x200000,0x400000,0x800000,0x1000000",2048,NULL
DEFAULT,vios592,fcs3,2048,0x400000,0x800000,0,0,0,"0x100000,0x200000,0x400000,0x800000,0x1000000",2048,NULL
DEFAULT,vios601,fcs0,2048,0x400000,0x800000,0,0,0,"0x100000,0x200000,0x400000,0x800000,0x1000000",2048,NULL
DEFAULT,vios601,fcs1,2048,0x400000,0x800000,0,0,0,"0x100000,0x200000,0x400000,0x800000,0x1000000",2048,NULL
DEFAULT,vios602,fcs0,2048,0x400000,0x800000,0,0,0,"0x100000,0x200000,0x400000,0x800000,0x1000000",2048,NULL
DEFAULT,vios602,fcs1,2048,0x400000,0x800000,0,0,0,"0x100000,0x200000,0x400000,0x800000,0x1000000",2048,NULL
DEFAULT,vios611,fcs0,500,0x400000,0x800000,0,0,0,"0x100000,0x200000,0x400000,0x800000,0x1000000",2048,NULL
DEFAULT,vios611,fcs1,500,0x400000,0x800000,0,0,0,"0x100000,0x200000,0x400000,0x800000,0x1000000",2048,NULL
DEFAULT,vios612,fcs0,500,0x400000,0x800000,0,0,0,"0x100000,0x200000,0x400000,0x800000,0x1000000",2048,NULL
DEFAULT,vios612,fcs1,500,0x400000,0x800000,0,0,0,"0x100000,0x200000,0x400000,0x800000,0x1000000",2048,NULL
DEFAULT,vios621,fcs0,500,0x100000,0x800000,0,0,0,"0x100000,0x200000,0x400000,0x800000,0x1000000",2048,NULL
DEFAULT,vios621,fcs1,500,0x100000,0x800000,0,3,0,"0x100000,0x200000,0x400000,0x800000,0x1000000",2048,NULL
DEFAULT,vios622,fcs0,500,0x100000,0x800000,0,3,0,"0x100000,0x200000,0x400000,0x800000,0x1000000",2048,NULL
DEFAULT,vios622,fcs1,500,0x100000,0x800000,0,0,0,"0x100000,0x200000,0x400000,0x800000,0x1000000",2048,NULL
DEFAULT,vios631,fcs0,2048,0x400000,0x800000,0,0,0,"0x100000,0x200000,0x400000,0x800000,0x1000000",2048,NULL
DEFAULT,vios631,fcs1,2048,0x400000,0x800000,0,0,0,"0x100000,0x200000,0x400000,0x800000,0x1000000",2048,NULL
DEFAULT,vios632,fcs0,2048,0x400000,0x800000,0,0,0,"0x100000,0x200000,0x400000,0x800000,0x1000000",2048,NULL
DEFAULT,vios632,fcs1,2048,0x400000,0x800000,0,0,0,"0x100000,0x200000,0x400000,0x800000,0x1000000",2048,NULL
DEFAULT,vios641,fcs0,2048,0x400000,0x800000,0,0,0,"0x100000,0x200000,0x400000,0x800000,0x1000000",2048,NULL
DEFAULT,vios641,fcs1,2048,0x400000,0x800000,0,0,0,"0x100000,0x200000,0x400000,0x800000,0x1000000",2048,NULL
DEFAULT,vios642,fcs0,2048,0x400000,0x800000,0,0,0,"0x100000,0x200000,0x400000,0x800000,0x1000000",2048,NULL
DEFAULT,vios642,fcs1,2048,0x400000,0x800000,0,0,0,"0x100000,0x200000,0x400000,0x800000,0x1000000",2048,NULL
DEFAULT,vios651,fcs0,2048,0x400000,0x800000,0,0,0,"0x100000,0x200000,0x400000,0x800000,0x1000000",2048,NULL
DEFAULT,vios651,fcs1,2048,0x400000,0x800000,0,0,0,"0x100000,0x200000,0x400000,0x800000,0x1000000",2048,NULL
DEFAULT,vios652,fcs0,2048,0x400000,0x800000,0,0,0,"0x100000,0x200000,0x400000,0x800000,0x1000000",2048,NULL
DEFAULT,vios652,fcs1,2048,0x400000,0x800000,0,0,0,"0x100000,0x200000,0x400000,0x800000,0x1000000",2048,NULL
DEFAULT,vios661,fcs2,500,0x400000,0x800000,0,0,0,"0x100000,0x200000,0x400000,0x800000,0x1000000",2048,NULL
DEFAULT,vios661,fcs3,500,0x400000,0x800000,0,1584,0,"0x100000,0x200000,0x400000,0x800000,0x1000000",2048,NULL
DEFAULT,vios662,fcs4,500,0x400000,0x800000,0,947,0,"0x100000,0x200000,0x400000,0x800000,0x1000000",2048,NULL
DEFAULT,vios662,fcs5,500,0x400000,0x800000,0,0,0,"0x100000,0x200000,0x400000,0x800000,0x1000000",2048,NULL
DEFAULT,vios671,fcs2,2048,0x400000,0x800000,0,0,0,"0x100000,0x200000,0x400000,0x800000,0x1000000",2048,NULL
DEFAULT,vios671,fcs3,2048,0x400000,0x800000,0,0,0,"0x100000,0x200000,0x400000,0x800000,0x1000000",2048,NULL
DEFAULT,vios672,fcs2,2048,0x400000,0x800000,0,0,0,"0x100000,0x200000,0x400000,0x800000,0x1000000",2048,NULL
DEFAULT,vios672,fcs3,2048,0x400000,0x800000,0,0,0,"0x100000,0x200000,0x400000,0x800000,0x1000000",2048,NULL
DEFAULT,vios681,fcs2,2048,0x400000,0x800000,0,1143,0,"0x100000,0x200000,0x400000,0x800000,0x1000000",2048,NULL
DEFAULT,vios681,fcs3,2048,0x400000,0x800000,0,0,0,"0x100000,0x200000,0x400000,0x800000,0x1000000",2048,NULL
DEFAULT,vios682,fcs2,2048,0x400000,0x800000,0,0,0,"0x100000,0x200000,0x400000,0x800000,0x1000000",2048,NULL
DEFAULT,vios682,fcs3,2048,0x400000,0x800000,0,1456,0,"0x100000,0x200000,0x400000,0x800000,0x1000000",2048,NULL
DEFAULT,vios691,fcs2,2048,0x400000,0x800000,0,0,0,"0x100000,0x200000,0x400000,0x800000,0x1000000",2048,NULL
DEFAULT,vios691,fcs3,2048,0x400000,0x800000,0,0,0,"0x100000,0x200000,0x400000,0x800000,0x1000000",2048,NULL
DEFAULT,vios692,fcs2,2048,0x400000,0x800000,0,0,0,"0x100000,0x200000,0x400000,0x800000,0x1000000",2048,NULL
DEFAULT,vios692,fcs3,2048,0x400000,0x800000,0,0,0,"0x100000,0x200000,0x400000,0x800000,0x1000000",2048,NULL
DEFAULT,vios701,fcs2,2048,0x400000,0x800000,0,22,0,"0x100000,0x200000,0x400000,0x800000,0x1000000",2048,NULL
DEFAULT,vios701,fcs3,2048,0x400000,0x800000,0,0,0,"0x100000,0x200000,0x400000,0x800000,0x1000000",2048,NULL
DEFAULT,vios702,fcs2,2048,0x400000,0x800000,0,0,0,"0x100000,0x200000,0x400000,0x800000,0x1000000",2048,NULL
DEFAULT,vios702,fcs3,2048,0x400000,0x800000,0,0,0,"0x100000,0x200000,0x400000,0x800000,0x1000000",2048,NULL
DEFAULT,vios711,fcs2,2048,0x400000,0x800000,0,0,0,"0x100000,0x200000,0x400000,0x800000,0x1000000",2048,NULL
DEFAULT,vios711,fcs3,2048,0x400000,0x800000,0,0,0,"0x100000,0x200000,0x400000,0x800000,0x1000000",2048,NULL
DEFAULT,vios712,fcs2,2048,0x400000,0x800000,0,0,0,"0x100000,0x200000,0x400000,0x800000,0x1000000",2048,NULL
DEFAULT,vios712,fcs3,2048,0x400000,0x800000,0,0,0,"0x100000,0x200000,0x400000,0x800000,0x1000000",2048,NULL
DEFAULT,vios721,fcs2,2048,0x400000,0x800000,0,0,0,"0x100000,0x200000,0x400000,0x800000,0x1000000",2048,NULL
DEFAULT,vios721,fcs3,2048,0x400000,0x800000,0,0,0,"0x100000,0x200000,0x400000,0x800000,0x1000000",2048,NULL
DEFAULT,vios722,fcs2,2048,0x400000,0x800000,0,0,0,"0x100000,0x200000,0x400000,0x800000,0x1000000",2048,NULL
DEFAULT,vios722,fcs3,2048,0x400000,0x800000,0,0,0,"0x100000,0x200000,0x400000,0x800000,0x1000000",2048,NULL
DEFAULT,vios731,fcs2,2048,0x400000,0x800000,0,1432,0,"0x100000,0x200000,0x400000,0x800000,0x1000000",2048,NULL
DEFAULT,vios731,fcs3,2048,0x400000,0x800000,0,1636,0,"0x100000,0x200000,0x400000,0x800000,0x1000000",2048,NULL
DEFAULT,vios732,fcs2,2048,0x400000,0x800000,0,647,0,"0x100000,0x200000,0x400000,0x800000,0x1000000",2048,NULL
DEFAULT,vios732,fcs3,2048,0x400000,0x800000,0,1363,0,"0x100000,0x200000,0x400000,0x800000,0x1000000",2048,NULL
DEFAULT,vios741,fcs2,500,0x100000,0x800000,0,19616,371,"0x100000,0x200000,0x400000,0x800000,0x1000000",2048,NULL
DEFAULT,vios741,fcs3,500,0x100000,0x800000,0,6018,0,"0x100000,0x200000,0x400000,0x800000,0x1000000",2048,NULL
DEFAULT,vios742,fcs2,500,0x100000,0x800000,0,4551,0,"0x100000,0x200000,0x400000,0x800000,0x1000000",2048,NULL
DEFAULT,vios742,fcs3,500,0x100000,0x800000,0,19373,299,"0x100000,0x200000,0x400000,0x800000,0x1000000",2048,NULL
DEFAULT,vios751,fcs2,2048,0x400000,0x800000,0,0,0,"0x100000,0x200000,0x400000,0x800000,0x1000000",2048,NULL
DEFAULT,vios751,fcs3,2048,0x400000,0x800000,0,0,0,"0x100000,0x200000,0x400000,0x800000,0x1000000",2048,NULL
DEFAULT,vios752,fcs2,2048,0x400000,0x800000,0,0,0,"0x100000,0x200000,0x400000,0x800000,0x1000000",2048,NULL
DEFAULT,vios752,fcs3,2048,0x400000,0x800000,0,0,0,"0x100000,0x200000,0x400000,0x800000,0x1000000",2048,NULL
DEFAULT,vios761,fcs2,500,0x400000,0x800000,0,18,0,"0x100000,0x200000,0x400000,0x800000,0x1000000",2048,NULL
DEFAULT,vios761,fcs3,500,0x400000,0x800000,0,0,0,"0x100000,0x200000,0x400000,0x800000,0x1000000",2048,NULL
DEFAULT,vios762,fcs2,500,0x400000,0x800000,0,0,0,"0x100000,0x200000,0x400000,0x800000,0x1000000",2048,NULL
DEFAULT,vios762,fcs3,500,0x400000,0x800000,0,0,0,"0x100000,0x200000,0x400000,0x800000,0x1000000",2048,NULL
DEFAULT,vios771,fcs2,500,0x400000,0x800000,0,0,0,"0x100000,0x200000,0x400000,0x800000,0x1000000",2048,NULL
DEFAULT,vios771,fcs3,500,0x400000,0x800000,0,0,0,"0x100000,0x200000,0x400000,0x800000,0x1000000",2048,NULL
DEFAULT,vios772,fcs2,500,0x400000,0x800000,0,0,0,"0x100000,0x200000,0x400000,0x800000,0x1000000",2048,NULL
DEFAULT,vios772,fcs3,500,0x400000,0x800000,0,0,0,"0x100000,0x200000,0x400000,0x800000,0x1000000",2048,NULL
DEFAULT,vios781,fcs2,2048,0x400000,0x800000,0,0,0,"0x100000,0x200000,0x400000,0x800000,0x1000000",2048,NULL
DEFAULT,vios781,fcs3,2048,0x400000,0x800000,0,0,0,"0x100000,0x200000,0x400000,0x800000,0x1000000",2048,NULL
DEFAULT,vios781,fcs6,2048,0x400000,0x800000,0,0,0,"0x100000,0x200000,0x400000,0x800000,0x1000000",2048,NULL
DEFAULT,vios781,fcs7,2048,0x400000,0x800000,0,0,0,"0x100000,0x200000,0x400000,0x800000,0x1000000",2048,NULL
DEFAULT,vios782,fcs2,2048,0x400000,0x800000,0,0,0,"0x100000,0x200000,0x400000,0x800000,0x1000000",2048,NULL
DEFAULT,vios782,fcs3,2048,0x400000,0x800000,0,0,0,"0x100000,0x200000,0x400000,0x800000,0x1000000",2048,NULL
DEFAULT,vios782,fcs6,2048,0x400000,0x800000,0,0,0,"0x100000,0x200000,0x400000,0x800000,0x1000000",2048,NULL
DEFAULT,vios782,fcs7,2048,0x400000,0x800000,0,0,0,"0x100000,0x200000,0x400000,0x800000,0x1000000",2048,NULL
DEFAULT,vios791,fcs2,2048,0x400000,0x800000,0,0,0,"0x100000,0x200000,0x400000,0x800000,0x1000000",2048,NULL
DEFAULT,vios791,fcs3,2048,0x400000,0x800000,0,0,0,"0x100000,0x200000,0x400000,0x800000,0x1000000",2048,NULL
DEFAULT,vios791,fcs6,2048,0x400000,0x800000,0,0,0,"0x100000,0x200000,0x400000,0x800000,0x1000000",2048,NULL
DEFAULT,vios791,fcs7,2048,0x400000,0x800000,0,0,0,"0x100000,0x200000,0x400000,0x800000,0x1000000",2048,NULL
DEFAULT,vios792,fcs0,2048,0x400000,0x800000,0,0,0,"0x100000,0x200000,0x400000,0x800000,0x1000000",2048,NULL
DEFAULT,vios792,fcs1,2048,0x400000,0x800000,0,0,0,"0x100000,0x200000,0x400000,0x800000,0x1000000",2048,NULL
DEFAULT,vios792,fcs6,2048,0x400000,0x800000,0,0,0,"0x100000,0x200000,0x400000,0x800000,0x1000000",2048,NULL
DEFAULT,vios792,fcs7,2048,0x400000,0x800000,0,0,0,"0x100000,0x200000,0x400000,0x800000,0x1000000",2048,NULL
